index,Label,Brand,Name,Price,Rank,Ingredients,Combination,Dry,Normal,Oily,Sensitive,X,Y
0,Sun protect,SHISEIDO,Urban Environment Oil-Free UV Protector Broad Spectrum SPF 42 For Face,34,4.5,"Water, Dimethicone, Isododecane, Sd Alcohol 40-B, Dipropylene Glycol, Ethylhexyl Palmitate, Peg-10 Dimethicone, Glycerin, Polymethylsilsesquioxane, Vinyl Dimethicone/Methicone Silsesquioxane Crosspolymer, Polybutylene Glycol/Ppg-9/1 Copolymer, Dimethicone/Vinyl Dimethicone Crosspolymer, Xylitol, Methyl Methacrylate Crosspolymer, Thiotaurine, Scutellaria Baicalensis Root Extract, Paeonia Albiflora Root Extract, Ononis Spinosa Root Extract, Ectoin, Lauryl Peg-9 Polydimethylsiloxyethyl Dimethicone, Hydrogen Dimethicone, Butylene Glycol, Disodium Edta, Disteardimonium Hectorite, Alumina, Bht, Triethoxycaprylylsilane, Syzygium Jambos Leaf Extract, Tocopherol, Phenoxyethanol, Benzoic Acid, Fragrance, Titanium Dioxide, Mica.",1,0,1,1,0,14.391713,-95.9773
1,Sun protect,SUPERGOOP!,Unseen Sunscreen Broad Spectrum SPF 40,32,4.5,"Isododecane, Dimethicone Crosspolymer, Dimethicone/Bis-Isobutyl PPG-20 Crosspolymer, Isohexadecane, Dicaprylyl Carbonate, Meadowfoam Estolide, Polyester-8, Polymethylsilsesquioxane, Caprylic/Capric Triglyceride, Lithothamnion Calcareum Extract, Butyrospermum Parkii (Shea) Butter, Jojoba Esters, Diethylhexyl Syringylidenemalonate, Mannitol, Olibanum, Lecithin, Microcrystalline Cellulose, Diatomaceous Earth, Zinc Sulfate, Silica, Tocopherol.",1,1,1,1,0,-41.09031,-28.083132
2,Sun protect,TATCHA,Silken Pore Perfecting Sunscreen Broad Spectrum SPF 35 PA+++,65,4.5,"Water, Isododecane, Cyclopentasiloxane, Propanediol, Hdi/Trimethylol Hexyllactone Crosspolymer, Glycerin, Dimethicone, Octyldodecyl Neopentanoate, Behenyl Alcohol, Dimethicone/Vinyl Dimethicone Crosspolymer, Rosa Multiflora Fruit Extract, Eriobotrya Japonica Leaf Extract, Stearyl Glycyrrhetinate, Glycyrrhiza Inflata Root Extract, Camellia Sinensis Leaf Extract, Pistacia Lentiscus (Mastic) Gum, Sericin, Algae Extract, Lecithin, Inositol, Polyhydroxystearic Acid, Sorbitan Tristearate, Sodium Dilauramidoglutamide Lysine, Silica, Potassium Sorbate, Beheneth-20, Sodium Acrylate/Acryloyldimethyltaurate/Dimethylacrylamide Crosspolymer, Polymethylsilsesquioxane, Methicone, Trimethylsiloxysilicate, Dimethiconol, Disodium Edta, Fragrance, Ethylhexylglycerin, Alcohol, Phenoxyethanol, Iron Oxides (Ci77491), Tin Oxide (Ci 77861), Mica (Ci 77019), Titanium Dioxide (Ci 77891).",1,1,1,1,1,-45.220894,-55.562798
3,Sun protect,SHISEIDO,Ultimate Sun Protection Lotion WetForce SPF 50+,40,3.7,"Water, Dimethicone, Sd Alcohol 40-B, Talc, Methyl Methacrylate Crosspolymer, Isododecane, Cetyl Ethylhexanoate, Diisopropyl Sebacate, Triethylhexanoin, Lauryl Peg-9 Polydimethylsiloxyethyl Dimethicone, Glycerin, Dextrin Palmitate, Sucrose Tetrastearate Triacetate, Polybutylene Glycol/Ppg-9/1 Copolymer, Trimethylsiloxysilicate, Xylitol, Silica, Sodium Chloride, Peg/Ppg-14/7 Dimethyl Ether, Saxifraga Sarmentosa Extract, Sophora Angustifolia Root Extract, Disteardimonium Hectorite, Isostearic Acid, Calcium Stearate, Trisodium Edta, Vinyl Dimethicone/Methicone Silsesquioxane Crosspolymer, Alcohol, Bht, Butylene Glycol, Stearic Acid, Sodium Metabisulfite, Syzygium Jambos Leaf Extract, Tocopherol, Polysilicone-2, Methylparaben, Fragrance, Iron Oxides.",1,1,1,1,1,53.096245,-102.76805
4,Sun protect,SUPERGOOP!,Everyday Sunscreen Broad Spectrum SPF 50,19,4.3,"Water, Isododecane, Polyester-8, Glycerin, Cetyl PEG/PPG-10/1 Dimethicone, Potassium Cetyl Phosphate, Phenoxyethanol, Cetearyl Alcohol, Diisopropyl Sebacate, Isodecyl Neopentanoate, Lauryl Lactate, Ammonium Acryloyldimethyltaurate/VP Copolymer, Diethylhexyl, Syringylidenemalonate, Acrylates Copolymer, Cetyl Alcohol, Behenyl Alcohol, Ethylhexylglycerin, Glyceryl Stearate, Chlorphenesin, Xanthan Gum, Caprylyl Glycol, Palmitic Acid, Stearic Acid, Behenic Acid, Cetyl Behenate, Isostearyl Isostearate, Lauryl Alcohol, Myristyl Alcohol, Aniba Rosaeodora (Rosewood) Wood Oil, Citrus Aurantium Dulcis (Orange) Peel Oil, Citrus Limon (Lemon) Peel Oil, Eucalyptus Globulus Leaf Oil, Ocimum Basilicum (Basil) Flower/Leaf Extract, Pelargonium Graveolens Flower Oil, Pogostemon Cablin Oil, Limonene, Allantoin, Disodium EDTA, Thermus Thermophillus Ferment, Lecithin,Pentylene Glycol, Panthenol, Sodium Hydroxide, BHT, Cassia Alata Leaf Extract, Maltodextrin, Geraniol, Citral, 1,2-Hexanediol, Beta-Glucan, Citric Acid, Sodium Benzoate, Tocopherol, Potassium Sorbate.''[product copy_0328_TJ.xls]Product''!$H$23",1,1,1,1,0,-51.344784,80.71795
5,Sun protect,KIEHL'S SINCE 1851,Super Fluid Daily UV Defense Sunscreen Broad Spectrum SPF 50+,61,4.4,"Water, Cyclopentasiloxane, Alcohol Denat., Silica, Dicaprylyl Ether, Styrene/Acrylates Copolymer, PEG-30 Dipolyhydroxystearate, Dimethicone, Cyclohexasiloxane, Polymethylsilsesquioxane, Nylon-12, Dicaprylyl Carbonate, Phenoxyethanol, Lauryl PEG/PPG-18/18 Methicone, Sodium Chloride, Caprylyl Glycol, PEG-8 Laurate, Poly C10-30 Alkyl Acrylate, Disteardimonium Hectorite, Tocopherol, Isostearyl Alcohol, P-Anisic Acid, Disodium EDTA, Dodecene, Poloxamer 407.",1,1,1,1,1,16.322775,62.20496
6,Sun protect,NEOGEN DERMALOGY,Day-Light Protection Sun Screen SPF 50 PA+++,30,4.6,"Water, Ethylhexyl Methoxycinnamate, Glycerin, Butylene Glycol, Bis-Ethylhexyloxyphenol Methoxyphenyl Triazine, Zinc Oxide, C12-15 Alkyl Benzoate, Hexanediol, Isoamyl P-Methoxycinnamate, Dicaprylyl Carbonate, Titanium Dioxide, Cetearyl Alcohol, Xanthan Gum, Polysorbate 20, Sodium Hyaluronate, Glyceryl Stearate, Peg-100 Stearate, Acrylates/C10-30 Alkyl Acrylate Crosspolymer, Portulaca Oleracea Extract, Lavandula Angustifolia (Lavender) Oil, Phyllanthus Emblica Fruit Extract, Rubus Idaeus(Raspberry) Fruit Extract, Vaccinium Angustifolium (Blueberry) Fruit Extract, Euterpe Oleracea Fruit Extract, Ammonium Acryloyldimethyltaurate/Vp Copolymer, Carbomer, Lippia Citriodora Leaf Extract, Rosa Damascena Flower Extract, Tocopheryl Acetate, Angelica Archangelica Root Extract, Beta-Glucan, Hibiscus Sabdariffa Flower Extract, Artemisia Absinthium Extract, Arnica Montana Flower Extract, Polyhydroxystearic Acid, Alumina, Gentiana Lutea Root Extract, Achillea Millefolium Extract, Litsea Cubeba Fruit Oil, Citrus Limon (Lomon) Fruit Oil, Eucalyptus Globulus Leaf Oil, Cedrus Atlantica Wood Oil, Disodium Edta, Potassium Hydroxide, Citrus Aurantium Dulcis(Orange) Oil, Aluminum Stearate.",1,1,1,1,1,-93.72771,62.55004
7,Sun protect,DRUNK ELEPHANT,Umbra™ Sheer Physical Daily Defense Broad Spectrum Sunscreen SPF 30,34,3.3,"Water, Caprylic/Capric Triglyceride, Dicaprylyl Carbonate, Glycerin, Pentylene Glycol, Steareth-2, Propanediol, Steareth-21, Polyhydroxystearic Acid, Cetearyl Alcohol, Silica, Sclerocarya Birrea Seed Oil, Aloe Barbadensis Leaf Extract, Chondrus Crispus Extract, Haematococcus Pluvialis Extract, Helianthus Annuus (Sunflower) Sprout Extract, Vitis Vinifera (Grape) Juice Extract, Helianthus Annuus (Sunflower) Seed Oil, Simmondsia Chinensis (Jojoba) Seed Oil, Raspberry Seed Oil/Tocopheryl Succinate Aminopropanediol Esters, Hydrolyzed Wheat Protein, Tocopheryl Acetate, Tocopherol, Sea Water, Acetyl Glucosamine, Cetearyl Glucoside, Sodium Stearoyl Glutamate, Tetrahexyldecyl Ascorbate, Glycine, Sucrose, Lecithin, Triethoxycaprylylsilane, Xanthan Gum, Trisodium Ethylenediamine Disuccinate, Caprylhydroxamic Acid, Mica, Caprylyl Glycol, Phenoxyethanol, Titanium Dioxide (CI 77891), Iron Oxides (CI 77491).",1,1,1,1,1,-44.953854,-106.04833
8,Sun protect,DRUNK ELEPHANT,Umbra Tinte™ Physical Daily Defense Broad Spectrum Sunscreen SPF 30,36,3.6,"Water, Caprylic/Capric Triglyceride, Dicaprylyl Carbonate, Glycerin, Pentylene Glycol, Steareth-2, Propanediol, Steareth-21, Polyhydroxystearic Acid, Cetearyl Alcohol, Silica, Sclerocarya Birrea Seed Oil, Aloe Barbadensis Leaf Extract, Chondrus Crispus Extract, Haematococcus Pluvialis Extract, Helianthus Annuus (Sunflower) Sprout Extract, Vitis Vinifera (Grape) Juice Extract, Helianthus Annuus (Sunflower) Seed Oil, Simmondsia Chinensis (Jojoba) Seed Oil, Raspberry Seed Oil/Tocopheryl Succinate Aminopropanediol Esters, Hydrolyzed Wheat Protein, Tocopheryl Acetate, Tocopherol, Sea Water, Acetyl Glucosamine, Cetearyl Glucoside, Sodium Stearoyl Glutamate, Tetrahexyldecyl Ascorbate, Glycine, Sucrose, Sodium C14•16 Olefin Sulfonate, Lecithin, Triethoxycaprylylsilane, Xanthan Gum, Trisodium Ethylenediamine Disuccinate, Caprylhydroxamic Acid, Mica, Caprylyl Glycol, Phenoxyethanol, Titanium Dioxide (CI 77891), Iron Oxides (CI 77491, CI 77492, CI 77499).",1,1,1,1,1,-36.14054,-112.446175
9,Sun protect,SUPERGOOP!,100% Mineral Smooth & Poreless Matte Screen SPF 40,38,3.7,"Cyclopentasiloxane, Coco-Caprylate, Isododecane, Coco-Caprylate/Caprate, Dimethicone Crosspolymer, Silica Dimethyl Silylate, Dimethicone/Bis-Isobutyl PPG-20 Crosspolymer, Argania Spinosa Kernel Oil, Tocopheryl Acetate, C12-15 Alkyl Benzoate, Polyglyceryl-3 Polyricinoleate, Dimethicone, Iron Oxides (CI 77492), Water (Aqua), Isostearic Acid, Propanediol, Ethylhexylglycerin, PEG/PPG-18/18 Dimethicone, Bisabolol, Alumina, Hydrogen Dimethicone, Iron Oxides (CI 77491), Polyhydroxystearic Acid, Iron Oxides (CI 77499), Buddleja Officinalis Flower Extract, Triethoxycaprylylsilane, Hydrangea Arborescens Root Extract, Morus Alba Root Extract, Polysorbate 20, Resveratrol, Scutellaria Lateriflora Extract, Caprylyl Glycol, Hexylene Glycol, Pentapeptide-21.",1,1,1,1,1,1.3720678,-67.58973
10,Sun protect,FARMACY,Green Screen Daily Environmental Protector Broad Spectrum MineralSunscreen SPF 30 with Echinacea GreenEnvy™,36,4.6,"Water, Ethyl Macadamiate, Cyclopentasiloxane, Ethylhexyl Palmitate, Propanediol, C12-15 Alkyl Benzoate, Polysorbate 80, Glyceryl Stearate, Peg-100 Stearate, Echinacea Purpurea Root Extract, Aronia Melanocarpa Fruit Extract, Hydrolyzed Verbascum Thapsus Flower, Tagetes Erecta Flower Extract, Alteromonas Ferment Extract, 7-Dehydrocholesterol, Zea Mays (Corn) Oil, Helianthus Annuus (Sunflower) Seed Oil, Carthamus Tinctorius (Safflower) Seed Oil, Malic Acid, Tocopherol, Myristic Acid, Cetyl Alcohol, Glycerin, Hydrogenated Lecithin, Panthenol, Stearic Acid, Polyglyceryl-6 Isostearate, Microcrystalline Cellulose, Alumina, Behenic Acid, Stearyl Alcohol, Caprylyl, Methicone, Dimethicone, Cyclohexasiloxane, Isohexadecane, Triethoxysilylethyl, Polydimethylsiloxyethyl Hexyl Dimethicone, Lauryl PEG-9 Polydimethylsiloxyethyl, Dimethicone, 1,2-Hexanediol, Behenyl Alcohol, Triethoxycaprylylsilane, Polyhydroxystearic Acid, Sodium Acrylate/Sodium Acryloyldimethyl Taurate Copolymer, Cellulose Gum, Sorbitan Oleate, Butylene Glycol, Phenoxyethanol, Caprylyl Glycol, Ethylhexylglycerin, Sodium Benzoate, Potassium Sorbate, Sodium Citrate, Citric Acid, Sodium Phytate.",1,1,1,1,1,-45.733124,122.6075
11,Sun protect,COOLA,Full Spectrum 360° Sun Silk Drops SPF 30,46,4.6,"Aloe Barbadensis Leaf Juice (ORGANIC), Anthemis Nobilis (Chamomile) Flower Extract, Butyloctyl Salicylate, Carthamus Tinctorius (ORGANIC Safflower) Seed Oil, Citrus Aurantium Amara (Bitter Orange) Flower Extract, Citrus Aurantium Amara (Bitter Orange) Leaf/Twig Extract Dicaprylyl Carbonate, Ecklonia Kurome Extract, Ethylhexylglycerin, Gluconolactone, Glycerine, Glycerin (ORGANIC), Glyceryl Stearate, Jasminum Sambac Leaf Cell Extract, Marrubium Vulgare Extract, Melanin, Nylon-12, Olea Europaea (ORGANIC Olive) Fruit Oil, Plankton Extract, Polygonum Aviculare Extract, Simmondsia Chinensis (ORGANIC Jojoba) Seed Oil, Sodium Hyaluronate, Sodium Benzoate, Stearic Acid, Tocopherol, Water (Aqua), Xanthan Gum.",1,1,1,1,1,0.54654807,80.340614
12,Sun protect,PETER THOMAS ROTH,Max Mineral Naked Broad Spectrum SPF 45,38,4.6,"Silica, Aluminum Hydroxide, Stearic Acid,Polymethylsilsesquioxane, Triethoxycaprylylsilane, Retinyl Palmitate (Vitamin A), Tocopheryl Acetate (Vitamin E), Ascorbyl Palmitate (Vitamin C), Salix Alba (Willow) Bark Extract, Water, Butylene Glycol, Chlorphenesin, Potassium Sorbate, Tetrasodium EDTA.",1,1,1,1,1,-37.66108,10.487365
13,Sun protect,SUPERGOOP!,City Sunscreen Serum SPF 30,42,4.1,"Purified Water, Cyclomethicone, Isostearyl Neopentanoate, Glycerin, Ceteareth–20, Polypropylene, Cetearyl Alcohol, Xanthan Gum, d-Panthenol, Octanohydroxamic acid, Caprylyl Glycol, Silica, Triacontanyl PVP, Cetyl Dimethicone, Ammonium Acryloyldimethyltaurate/VP Copolymer, PEG-40 Stearate, Tocopherol, Disodium EDTA, Pentylene Glycol, Panthenyl Triacetate, Sodium Lactate, Lactic Acid, Serine, Urea, Sorbitol, Sodium Chloride, Allantoin, Oleyl Alcohol, Ethyl Linoleate.",1,1,1,1,0,64.22577,56.26905
14,Sun protect,PHILOSOPHY,Renewed Hope in a Jar Skin Tint,39,4.1,"Water, Cyclopentasiloxane, Dimethicone, Butylene Glycol, Diphenylsiloxy Phenyl Trimethicone, Glycerin, Dimethicone/Peg-10/15 Crosspolymer, Peg-9 Polydimethylsiloxyethyl Dimethicone, Acrylates/Dimethicone Copolymer, Mica, Phenoxyethanol, Magnesium Sulfate, Silica, Dimethicone/Vinyl Dimethicone Crosspolymer, Hydroxyethylcellulose, Saccharomyces Lysate Extract, Lauroyl Lysine, Chlorphenesin, Disodium Edta, Propanediol, Aluminum Dimyristate, Triethoxycaprylylsilane, Enantia Chlorantha Bark Extract, Disodium Stearoyl Glutamate, Dipropylene Glycol, Sodium Nitrate, Evodia Rutaecarpa Fruit Extract, Tocopherol, Bht, Oleanolic Acid, [May Contain/Peut Contenir/+/-:Titanium Dioxide (Ci 77891), Iron Oxides (Ci 77491, Ci 77492, Ci 77499)].",1,1,1,1,1,59.663063,-31.25659
15,Sun protect,COOLA,Mineral Face SPF 30 - Matte Tint,36,4.1,"Aluminum Hydroxide, Butyrospermum Parkii (Organic Shea Butter), Cucumis Sativus (Organic Cucumber) Fruit Extract, Cyclopentasiloxane, Dimethicone Crosspolymer, Glycerin (Organic), Hydrogen Dimethicone, Iron Oxides, Isopropyl Myristate, Isopropyl Titianium Triisostearate, Linum Usitatissimum (Organic Linseed) Seed Oil, Mica, Oenothera Biennis (Organic Evening Primrose) Oil, Plankton Extract, Polyamide-5, Polysilicone-11, Propylene Carbonate, Rosa Canina (Organic) Fruit Oil, Silica Silylate, Stearalkonium Hectorite, Synthetic Wax.",1,0,1,1,1,-22.19988,-37.985886
16,Sun protect,PERRICONE MD,High Potency Classics: Face Finishing & Firming Moisturizer Tint SPF 30,69,4.3,"Water, Glycerin, Cyclopentasiloxane, Dimethicone, Pentylene Glycol, Ethylhexyl Methoxycrylene, Polyester-8, Polyglyceryl-3 Polydimethylsiloxyethyl Dimethicone, Hydroxyethyl Acrylate/Sodium Acryloyldimethyl Taurate Copolymer, Benzyl Alcohol, Aluminum Hydroxide, Stearic Acid, Iron Oxides ( CI 77491, CI 77492, CI 77499), Diethylhexyl Syringylidenemalonate, Hydrogenated Lecithin, Titanium Dioxide (CI 77891), Isohexadecane, Bisabolol, Mica (CI 77019), Tetrahexyldecyl Ascorbate, Phenoxyethanol, Silica Dimethyl Silytate, Polyester-1, Polysilicone-11, Polysorbate 60, Caprylic/Capric Triglyceride, Sodium Benzoate, Potassium Sorbate, Fragrance, Xanthan Gum, Hydrogenated Phosphatidylcholine Citronellol, Thioctic Acid, Geraniol, Astaxanthin, Hydroxycitronellal, Butylphenyl Methylpropional.",1,1,1,1,0,-26.783106,98.83935
17,Sun protect,AMOREPACIFIC,FUTURE RESPONSE Age Defense Creme SPF 30,195,3.8,"Water, Butylene Glycol, Octocrylene, Ethylhexyl Methoxycinnamate, Ethylhexyl Salicylate, Titanium Dioxide, C12-15 Alkyl Benzoate, Cyclopentasiloxane, Cetearyl Alcohol, Cyclohexasiloxane, 1,2-Hexanediol, Tricholoma Matsutake Extract, Camellia Sinensis Leaf Extract, Camellia Sinensis Leaf Powder, Methoxy Peg-114/Polyepsilon Caprolactone, Peg-100 Stearate, Glyceryl Stearate, Aluminum Stearate, Polyacrylate-13, Polyhydroxystearic Acid, Alumina, Hydroxyethyl Acrylate/Sodium Acryloyldimethyl Taurate Copolymer, Polyisobutene, Stearic Acid, Carbomer, Polysorbate 20, Epigallocatechin Gallate, Polyglutamic Acid, Theanine, Caprylyl Glycol, Ethylhexylglycerin, Disodium Edta, Fragrance, Iron Oxides.",1,1,1,1,1,-64.54786,58.76829
18,Sun protect,SHISEIDO,Future Solution LX Total Protective Cream Broad Spectrum SPF 20 Sunscreen,260,5,"Glycerin, Dipropylene Glycol, Behenyl Alcohol, Butylene Glycol, Isohexadecane, Sd Alcohol 40-B, Silica, Caprylic/Capric Triglyceride, Myristyl Myristate, Dimethicone, Polybutylene Glycol/Ppg-9/1 Copolymer, Sorbitol, Stearyl Alcohol, Phytosteryl Macadamiate, Tocopheryl Acetate, Peg/Ppg-17/4 Dimethyl Ether, Piperidinepropionic Acid, 2-O-Ethyl Ascorbic Acid, Prunus Speciosa Leaf Extract, Angelica Acutiloba Root Extract, Isodonis Japonicus Leaf/Stalk Extract, Camellia Sinensis Leaf Extract, Zanthoxylum Piperitum Peel Extract, Beheneth-20, Succinoglycan, Trisodium Edta, Sodium Citrate, Alcohol, Bht, Sodium Metaphosphate, Citric Acid, Talc, Dextrin Palmitate, Tocopherol, Methylparaben, Ethylparaben, Fragrance, Iron Oxides.",1,1,1,1,1,120.21614,-23.954016
19,Sun protect,ORIGINS,Plantscription™ SPF 25 Power Anti-Aging Oil-Free Cream,60,4.6,"Avobenzone 3.0%, Homosalate 5.0%, Octisalate 4.5%, Octocrylene 2.8%Water, Butyloctyl Salicylate, Nylon-12, Octyldodecyl Neopentanoate, Behenyl Alcohol, Myristyl Myristate, Dimethicone, Cetyl Esters, Polyethylene, Butylene Glycol, Ammonium Acryloyldimethyltaurate/Vp Copolymer, Glycerin, Rosa Damascena Flower Oil*, Lavandula Angustifolia (Lavender) Oil*, Pelargonium Graveolens Flower Oil*, Illicium Verum (Anise) Fruit/Seed Oil*, Citrus Aurantium Bergamia (Bergamot) Fruit Oil*, Carthamus Tinctorius (Safflower) Seed Oil*, Myristica Fragrans (Nutmeg) Kernel Oil*, Citrus Aurantium Dulcis (Orange) Peel Oil*, Citrus Nobilis (Mandarin Orange) Peel Oil*, Citrus Limon (Lemon) Peel Oil*, Litsea Cubeba Fruit Oil*, Hibiscus Abelmoschus Extract, Geraniol, Linalool, Citronellol, Limonene, Citral, Coffea Arabica (Coffee) Seed Extract, Sigesbeckia Orientalis (St. Paul''S Wort) Extract, Peucedanum Graveolens (Dill) Extract, Hordeum Vulgare (Barley) Extract/Extrait D''Orge, Pisum Sativum (Pea) Extract, Cholesterol, Micrococcus Lysate, Bambusa Vulgaris (Bamboo) Extract, Glyceryl Stearate, Triticum Vulgare (Wheat) Germ Extract, Crithmum Maritimum Extract, Anogeissus Leiocarpus Bark Extract, Rosmarinus Officinalis (Rosemary) Leaf Extract, Caffeine, Centaurium Erythraea (Centaury) Extract, Rubus Idaeus (Raspberry) Leaf Extract, Cassia Alata Leaf Extract, Phytosphingosine, Trisiloxane, Laminaria Digitata Extract, Acetyl Hexapeptide-8, Hydrolyzed Algin, Glucosamine Hcl, Peg-100 Stearate, Sodium Hyaluronate, Peg-6, Di-Ppg-2 Myreth-10 Adipate, Steareth-21, Tocopheryl Acetate, Caprylyl Glycol, Ethylhexylglycerin, Squalane, Linoleic Acid, Trehalose, Tetrahexyldecyl Ascorbate, Citric Acid, Sodium Pca, Lecithin, Maltodextrin, Hexylene Glycol, Sodium Dehydroacetate, Disodium Edta, Phenoxyethanol, Mica * Essential Oil Please be aware that ingredient lists may change or vary from time to time.� Please refer to the ingredient list on the product package you receive for the most up to date list of ingredients.",1,0,1,1,1,26.150164,127.649475
20,Sun protect,SHISEIDO,Sports BB Broad Spectrum SPF 50+ WetForce,38,4.1,"Water, Dimethicone, Trimethylsiloxysilicate, Isododecane, Methyl Methacrylate Crosspolymer, Sd Alcohol 40-B, Xylitol, Isopropyl Myristate, Aluminum Hydroxide, Peg-9 Polydimethylsiloxyethyl Dimethicone, Aluminum Distearate, Isostearic Acid, Dextrin Palmitate, Bis-Butyldimethicone Polyglyceryl-3, Serine, Glycine, Sodium Pca, Aspartic Acid, Peg/Ppg-14/7 Dimethyl Ether, Saxifraga Sarmentosa Extract, Sophora Angustifolia Root Extract, Disteardimonium Hectorite, Trisodium Edta, Silica, Alanine, Polymethylsilsesquioxane, Talc, Alumina, Alcohol, Sodium Citrate, Polysilicone-2, Triethoxycaprylylsilane, Hydrogen Dimethicone, Butylene Glycol, Citric Acid, Tocopherol, Stearic Acid, Bht, Syzygium Jambos Leaf Extract, Methylparaben, Ethylparaben, Fragrance, Titanium Dioxide, Iron Oxides, Mica.",1,1,1,1,0,37.994568,-115.82638
21,Sun protect,SUPERGOOP!,Defense Refresh Setting Mist Broad Spectrum SPF 50,28,3.3,"-Avobenzone 3%, Homosalate 4%, Octisalate 3%, and Octinoxate 6%: Deliver broad-spectrum sun protection. -Silica Silylate: Helps to control oil and reduce shine. -Rosemary Leaf Oil and Peppermint Stem/Leaf Oil: Soothe inflammation while providing an uplifting sensory experience. Alcohol Denat, Butyloctyl Salicylate, Isododecane, Dicaprylyl Carbonate, Silica Silylate, Water, PVP, Caprylic/Capric Triglyceride, Mentha Piperita (Peppermint) Stem/Leaf Oil, Mentha Viridis (Spearmint) Leaf Oil, Rosmarinus Officinalis (Rosemary) Leaf Oil.",1,1,1,1,0,33.16871,28.519619
22,Sun protect,SEPHORA COLLECTION,8 HR Mattifying Moisturizer Sunscreen Broad Spectrum SPF20,23,4.2,Visit the SEPHORA COLLECTION boutique,1,1,1,1,1,15.455648,2.88816
23,Sun protect,VOLITION BEAUTY,Prismatic Luminizing Shield SPF 50,35,4.2,"Cyclopentasiloxane, Water, Coconut Alkanes, Isododecane, Glycerin, Polyglyceryl-3 Polydimethylsiloxyethyl Dimethicone, PEG/PPG-18/18 Dimethicone, Adipic Acid/Neopentyl Glycol Crosspolymer, Lauryl Dimethicone, Triethoxysilylethyl Polydimethylsiloxyethyl Hexyl Dimethicone, Aluminum Hydroxide, Stearic Acid, Butylene Glycol, Phenoxyethanol, Synthetic Fluorphlogopite, Titanium Dioxide, Hydrogenated Polyisobutene, Actinidia Chinensis (Kiwi) Fruit Water, Coco-Caprylate/Caprate, Caprylyl Glycol, Ethylhexylglycerin, Hexylene Glycol, Alcohol, Sophora Flavescens Root Extract, Sodium Hyaluronate, Glycyrrhiza Uralensis (Licorice) Root Extract, Hydrogenated Lecithin, CI 77491, CI 77492.",1,1,1,1,1,76.87828,-12.350165
24,Sun protect,SMASHBOX,Photo Finish Foundation Primer SPF 20,42,4.1,"Avobenzone 2.00%, Homosalate 15.00%, Octisalate 5.00%, Cyclopentasiloxane, Polysilicone-11, Dimethicone Crosspolymer, C12-15 Alkyl Benzoate, Tocopheryl Acetate, Cola Acuminata (Kola) Seed Extract, Vitis Vinifera (Grape) Seed Extract, Carthamus Tinctorius (Safflower) Seed Oil, Polyglyceryl-4 Isostearate, Cetyl Peg/Ppg-10/1 Dimethicone, Octyldodecyl Neopentanoate, Tribehenin, Ceramide 2, Peg-10 Rapeseed Sterol, Palmitoyl Oligopeptide, Acetyl Hexapeptide-8, Phenyl Trimethicone, Water, Silica, Laureth-12, Hexyl Laurate, Vp/Hexadecene Copolymer, Triethoxycaprylylsilane, Caprylyl Glycol, Hexylene Glycol, Hydrogenated Polydecene, Phenoxyethanol, Potassium Sorbate, Iron Oxides (Ci 77491)",1,1,1,1,1,56.362717,-57.248447
25,Sun protect,TARTE,Tarteguard Mineral Powder Sunscreen Broad Spectrum SPF 30,28,4.2,"Polymethylsilsesquioxane, Silica, Jojoba Esters, Caprylyl Glycol, Alumina, Sodium Dehydroacetate, Phenoxyethanol, Vanillin, Caprylic/Capric Triglyceride, Hexylene Glycol, Vanilla Planifolia Fruit Extract, Aluminum Dimyristate, Triethoxycaprylylsilane, Disodium Stearoyl Glutamate, Iron Oxides, Mica.",1,1,1,1,1,20.286743,42.645485
26,Sun protect,KIEHL'S SINCE 1851,Ultra Facial Moisturizer SPF 30,31,3.7,"Water, Propylene Glycol, Dicaprylyl Ether, Glycerin, Peg-100 Stearate, Glyceryl Stearate, Squalane, Hydrogenated Polyisobutene, Phenoxyethanol, Sorbitan Oleate, Caprylyl Glycol, Acrylates/C10-30 Alkyl Acrylate Crosspolymer, Triethanolamine, Beeswax, Tocopherol, Disodium Edta, Stearic Acid, Myristyl Alcohol, Sweet Almond Oil, Apricot Kernel Oil, Avocado Oil.",1,1,1,1,1,-49.26252,35.834106
27,Sun protect,FIRST AID BEAUTY,Ultra Repair® Pure Mineral Sunscreen Moisturizer Broad Spectrum SPF 40,30,3.6,"Water, Butyloctyl Salicylate, Cetearyl Alcohol, Caprylic/Capric Triglyceride, Steareth-2, Dimethicone, Squalane, Glycerin, Butylene Glycol, Alumina, Ceteareth-20, Colloidal Oatmeal, Urea, Allantoin, Butyrospermum Parkii (Shea) Butter, Copaifera Officinalis (Balsam Copaiba) Resin, Limnanthes Alba (Meadowfoam) Seed Oil, Persea Gratissima (Avocado) Oil, Chrysanthemum Parthenium (Feverfew) Extract, Camellia Sinensis Leaf Extract, Glycyrrhiza Glabra (Licorice) Root Extract, Ceramide NP, Tocopheryl Acetate, Triethoxycaprylylsilane, Caprylyl Glycol, Isopropyl Titanium Triisostearate, C13-14 Isoparaffin, C12-15 Alkyl Benzoate, Polyhydroxystearic Acid, Laureth-7, Methicone, Leuconostoc/Radish Root Ferment Filtrate, Xanthan Gum, Polyacrylamide, Phenoxyethanol, Disodium EDTA, EDTA.",1,1,1,1,1,92.26588,8.6221895
58,Sun protect,COOLA,Sport Continuous Spray SPF 50 - Unscented,36,4.4,"Alcohol (Organic), Algae (Organic) Extract, Aloe Barbadensis (Organic) Leaf Extract, Butyloctyl Salicylate, Cucumis Sativus (Organic Cucumber) Fruit Extract, Fragaria Vesca (Organic Strawberry) Fruit Extract, Glycerin (Organic), Va/Butyl Maleate/Isobornyl Acrylate Copolymer, Water.",1,1,1,1,1,-11.569343,-3.293176
28,Sun protect,KIEHL'S SINCE 1851,Powerful Wrinkle Reducing Cream Sunscreen Broad Spectrum SPF 30,74,3.5,"Water Glycerin, Cetearyl Alcohol, Isohexadecane, Glyceryl Stearate, Cyclohexasiloxane, Isononyl Isononanoate, Shea Butter, Peg-100 Stearate, Ceteareth-20, Phenoxyethanol, Butylene Glycol, Ammonium Polyacryloyldimethyl Taurate, Caprylyl Glycol, Tocopherol, Chlorphenesin, Xanthan Gum, Disodium Edta, P-Anisic Acid, Calcium Pca, Adenosine, Copper Pca, Alteromonas Ferment Extract, Corallina Officinalis Extract, Citric Acid, Sodium Hydroxide.",1,1,1,1,1,-38.16582,54.622986
29,Sun protect,COOLA,Mineral Face SPF 30 - Cucumber Matte,36,4.4,"Aluminum Hydroxide, Butyrospermum Parkii (Organic Shea Butter), Cucumis Sativus (Organic Cucumber) Fruit Extract, Cyclopentasiloxane, Dimethicone Crosspolymer, Glycerin (Organic), Hydrogen Dimethicone, Isopropyl Myristate, Linum Usitatissimum (Organic Linseed) Seed Oil, Oenothera Biennis (Organic Evening Primrose) Oil, Plankton Extract, Polyamide-5, Polysilicone-11, Propylene Carbonate, Rosa Canina (Organic Rose Hip) Fruit Oil, Silica Silylate, Stearalkonium Hectorite.",1,0,1,1,1,-7.1363277,58.86645
30,Sun protect,KIEHL'S SINCE 1851,Super Multi-Corrective Cream Sunscreen Broad Spectrum SPF 30,84,3.5,"Water, Glycerin, Dimethicone, Glyceryl Stearate, Hydroxypropyl Tetrahydropyrantriol, Silica, Peg-100 Stearate, Propylene Glycol, Euphorbia Cerifera (Candelilla) Wax, Phenoxyethanol, Ammonium Polyacryloyldimethyl Taurate, Stearic Acid, Dicaprylyl Carbonate, Cetyl Alcohol, Palmitic Acid, Capryloyl Salicylic Acid, Caprylyl Glycol, Xanthan Gum, Dimethicone/Vinyl Dimethicone Crosspolymer, Fragrance, Disodium EDTA, Tocopherol, Sodium Hyaluronate, Adenosine, Linalool, Sodium Hydroxide, Jasminum Officinale (Jasmine) Flower Extract, Citronellol, Geraniol, Citral, Benzyl Alcohol, Citric Acid.",1,1,1,1,1,-71.517876,34.749275
31,Sun protect,SUPERGOOP!,Supergoop! x Milly Defense Refresh Setting Mist Broad Spectrum Sunscreen SPF 50,28,3.7,Visit the Supergoop! boutique,1,1,1,1,1,-4.6266813,14.709202
32,Sun protect,COOLA,Daydream™ Mineral Primer SPF 30,42,4.2,"Alumina, Cyclopentasiloxane, Dimethicone, Dimethicone/Vinyl, Dimethicone Crosspolymer, Hexyl Laurate, Iris Pallida Leaf Cell Extract, Isododecane, Lonicera Japonica Callus Extract, Mica, Nymphaea Alba Leaf Cell Extract, PEG-10 Dimethicone, Polyglyceryl-4 Isostearate, Polysilicone-11, Silica, Stearic Acid, Titanium Dioxide, Trimethylsiloxysilicate.",1,0,1,1,1,-2.914899,-41.241695
33,Sun protect,SHISEIDO,Ultimate Sun Protection Lotion WetForce SPF 50+ Mini,22,5,"Water, Dimethicone, SD Alcohol 40-B, Talc, Methyl Methacrylate Crosspolymer, Isododecane, Cetyl Ethylhexanoate, Diisopropyl Sebacate, Triethylhexanoin, Lauryl PEG-9 Polydimethylsiloxyethyl Dimethicone, Glycerin, Dextrin Palmitate, Sucrose Tetrastearate Triacetate, Polybutylene Glycol/PPG-9/1 Copolymer, Trimethylsiloxysilicate, Xylitol, Silica, Sodium Chloride, PEG/PPG-14/7 Dimethyl Ether, Saxifraga Sarmentosa Extract, Sophora Angustifolia Root Extract, Disteardimonium Hectorite, Isostearic Acid, Calcium Stearate, Trisodium EDTA, Vinyl Dimethicone/Methicone Silsesquioxane Crosspolymer, Alcohol, BHT, Butylene Glycol, Stearic Acid, Sodium Metabisulfite, Syzygium Jambos Leaf Extract, Tocopherol, Polysilicone-2, Methylparaben, Fragrance, Iron Oxides.",1,1,1,1,1,57.618492,-112.78743
34,Sun protect,SHISEIDO,Wetforce Clear Stick UV Protector Broad Spectrum 50+,28,4.3,"Diphenylsiloxy Phenyl Trimethicone, Triethylhexanoin, Mineral Oil, Hydroxystearic Acid, Dibutyl Lauroyl Glutamide, Polyamide-8, Peg/Ppg-14/7 Dimethyl Ether, Lecithin, Glycyrrhiza Glabra (Licorice) Root Extract, Ppg-17, Silica Dimethyl Silylate, BHT, Tocopherol, Pentaerythrityl Tetra-Di-T-Butyl Hydroxyhydrocinnamate, Fragrance.",1,1,1,1,1,2.0521638,43.205986
35,Sun protect,PETER THOMAS ROTH,Instant Mineral SPF 45,30,3.4,"Silica, Aluminum Hydroxide, Stearic Acid, Polymethylsilsesquioxane, Triethoxycaprylylsilane, Retinyl Palmitate (Vitamin A), Tocopheryl Acetate (Vitamin E), Ascorbyl Palmitate (Vitamin C), Salix Alba (Willow) Bark Extract, Water, Butylene Glycol, Chlorphenesin, Potassium Sorbate, Tetrasodium EDTA.",1,1,1,1,1,-35.355324,-1.7525777
36,Sun protect,ILIA,Sheer Vivid Tinted Moisturizer SPF 20,42,3.7,"Water, Aloe Barbadensis Leaf Juice, Glycerin, Caprylic Capric Triglyceride, Sesamum Indicum (Sesame) Seed Oil*, Polyglyceryl-2 Oleate, Polyhydroxystearic Acid, Polyglyceryl-2 Stearate, Behenyl Olivate, Chondrus Crispus Extract, Persea Gratissima (Avocado) Oil, Camellia Sinensis (White Peony Tea) leaf*, Dimethicone, Cocos Nucifera (Coconut) Oil*, Butyrospermun Parkii (Shea Butter)*, Rosa Canina (Rosehip) Seed Oil*, Rosmarinus Officinalis (Rosemary) Leaf*, Jasminum Officinale (Jasmine) Flower/Leaf Extract, Lavandula Angustifolia (Lavender) Flower/Leaf/Steam Extract, Eugenia Caryophyllus (Clove) Flower Extract, Vitis Vinifera (Grape) Fruit Extract, Sodium Hyaluronate, Tocopherol, Ethylhexylglycerin, Phenethyl alcohol. May contain (+/-): Mica, Titanium Dioxide (Ci 77891), Iron Oxide (Ci 77491, Ci 77492, Ci 77499).",1,1,1,1,1,24.928255,88.44811
37,Sun protect,FIRST AID BEAUTY,Hello FAB Triple Protection Skin Tint with Goji Berry SPF 30,34,4.1,"Cyclopentasiloxane, Dimethicone, Aqua (Water, Eau), Polymethyl Methacrylate, C12-15 Alkyl Benzoate, Cetyl Diglyceryl Tris(Trimethylsiloxy)silylethyl Dimethicone, Cyclohexasiloxane, Silica, Polyhydroxystearic Acid, Sodium Chloride, Lycium Barbarum Fruit Extract, Glycyrrhiza Glabra (Licorice) Root Extract, Chrysanthemum Parthenium Extract, Camellia Sinensis Leaf Extract, Alteromonas Ferment Extract, Haematococcus Pluvialis Extract, Tocopherol, Glycerin, Sodium Ascorbyl Phosphate, Propylene Carbonate, Potassium Sorbate, Disodium Stearoyl Glutamate, Hexylene Glycol, Sucrose Stearate, Polyglyceryl-10 Laurate, Lecithin, Quaternium-90 Bentonite, Butylene Glycol, Dimethicone/Vinyl Dimethicone Crosspolymer, Caprylyl Glycol, Disodium EDTA, Aluminum Hydroxide, Phenoxyethanol, CI 77891 (Titanium Dioxide), CI 77491/77492/77499 (Iron Oxides).",1,1,1,1,1,-23.774786,-69.778725
38,Sun protect,AMOREPACIFIC,Natural Protector Broad Spectrum SPF 35 Sunscreen,65,4,Visit the AMOREPACIFIC boutique,1,1,1,1,1,2.4135165,27.217342
39,Sun protect,FRESH,Black Tea Age-Delay Lotion Broad Spectrum Sunscreen SPF 20,70,3.5,"Water, Isostearyl Neopentanoate, Glycerin, Hydroxyethyl Acrylate/Sodium Acryloyldimenthyl Taurate Copolymer, Gylcine Soja (Soybean) Oil, Saccharomyces Ferment Filtrate, Camellia Sinensis Leaf Extract, Rubus Fruticosus (Blackberry) Leaf Extract, Litchi Chinensis Seed Extract, Adenosine, Tocopherol, Hydrogenated Lecithin, Fragrance, Ethylhexyl Palmitate, Diethylhexyl Syringylidenemalonate, Potassium Sorbate, Sodium Benzoate, Butylene Gylcol, Trisodium Edta, Xanthan Gum, Sodium Hyaluronate, Maltodextrim, Hydrogenated Phosphatidylcholine, Polysorbate 60, Sorbitan Isostearate, Bht, Caprylic/Capric Triglycer-Acid, Biotin, Phenoxyethanol, Linalool.",1,1,1,1,0,-24.668213,73.510056
40,Sun protect,ERBORIAN,CC Red Correct Automatic Perfector Broad Spectrum SPF 25,44,4.5,"Ethylhexyl Salicylate 2%, Water, Cyclomethicone, Dipropylene Glycol, Glycerin, Peg-10 Dimethicone, Methyl Trimethicone , CI 77891/Titanium Dioxide, C12-15 Alkyl Benzoate, Dimethicone, Vinyl Dimethicone/Methicone Silsesquioxane Crosspolymer, Disteardimonium Hectorite, Magnesium Sulfate, Butylene Glycol, Centella Asiatica Extract, Talc, Dimethicone/Vinyl Dimethicone Crosspolymer, Aluminum Hydroxide, Trihydroxystearin, Phenoxyethanol, Mica, Methicone, Palmitic Acid, Stearic Acid, Ethylhexylglycerin, Tocopheryl Acetate, Polyester-1, Silica Dimethyl Silylate, Triethoxycaprylylsilane, Parfum/Fragrance, Hexyl Cinnamal, Alpha-isomethyl Ionone, Linalool, Citronellol, Geraniol, Eugenol, Limonene, CI 77492/Iron Oxides, CI 77288/Chromium Oxide Greens, CI 77491/Iron Oxides, CI 77499/Iron Oxides.",1,1,1,1,1,83.81092,37.6695
41,Sun protect,BIOSSANCE,Squalane + Mineral SPF 45,39,3.7,"Water, Caprylic/Capric Triglyceride, Squalane, Polyglyceryl-3 Sorbityl, Linseedate, Cetyl Dimethicone, Dimethicone, Polymethylsilsesquioxane, Glycerin, Styrene/ Acrylates Copolymer, Thermus Thermophilus Ferment, Polyhydroxystearic Acid, Synthetic Fluorphlogopite, Sodium Chloride, Hydroxyacetophenone, Tocopheryl Acetate, Saccharide Isomerate, Caramel, Pentylene Glycol, 1,2-Hexanediol, Caprylyl Glycol, Disteardimonium Hectorite, Triethoxycaprylylsilane, Bisabolol, Benzylidene Dimethoxydimethylindanone, Citrus Aurantium Amara (Bitter Orange) Flower Extract, Zingiber Officinale (Ginger) Root Extract.",1,1,1,1,1,55.492664,-3.740148
42,Sun protect,LANCER,Sheer Fluid Sun Shield Broad Spectrum SPF 30 Sunscreen,55,4.8,"Cyclopentasiloxane, Water, Alcohol, Denat., Glycerin, Polymethyl Methacrylate, Polyglyceryl-3 Polydimethylsiloxyethyl Dimethicone, PEG/PPG-18/18 Dimethicone, Vitis Vinifera (Grape) Fruit Cell Extract, Zingiber Officinale (Ginger) Root Extract, Tropaeolum Majus Extract, Helianthus Annuus (Sunflower) Sprout Extract, Bisabolol, Tocopherol, Lecithin, PEG-9 Polydimethylsiloxyethyl Dimethicone, Triethoxysilylethyl Polydimethylsiloxyethyl Hexyl Dimethicone, Benzylidene Dimethoxydimethylindanone, Isomalt, Hexylene Glycol, Caprylyl Glycol, Ethylhexylglycerin, Phenoxyethanol.",1,1,1,1,1,17.603958,-48.663372
43,Sun protect,TARTE,Tarteguard 20 Tinted Moisturizer Broad Spectrum SPF 20 Sunscreen,36,4,"Water, Cyclopentasiloxane, Peg/Ppg-18/18 Dimethicone, Octyldodecyl Neopentanoate, Glycerin, Dimethicone, Aluminum Hydroxide, Stearic Acid, Phenoxyethanol, Mica, Boron Nitride, Sodium Dehydroacetate, Caprylyl Glycol, Sodium Chloride, Phytantriol, Kaolin, Magnesium Ascorbyl Phosphate, Palmitic Acid, Dextrin Palmitate, Sodium Hyaluronate, Hexylene Glycol, Retinyl Palmitate, Tocopheryl Acetate, Tocopherol, Tetrahexyldecyl Ascorbate, Methicone, Butylene Glycol, Triethoxycaprylylsilane, Calcium Sodium Phosphosilicate, Saccharum Officinarum (Sugar Cane) Extract, Pyrus Malus (Apple) Fruit Extract, Citrus Limon (Lemon) Fruit Extract, Citrus Aurantium Dulcis (Orange) Fruit Extract, Camellia Oleifera Leaf Extract, Panax Ginseng Root Extract, Ginkgo Biloba Leaf Extract, Anthemis Nobilis Flower Extract, Iron Oxides.",1,1,1,1,1,0.43212235,109.7795
44,Sun protect,CLINIQUE,Pep-Start Daily UV Protector Broad Spectrum SPF 50,19,4.2,"Titanium Dioxide 6.3% , Zinc Oxide 4.0%Water , Dimethicone , Butyloctyl Salicylate , Polydiethylsiloxane , C12-15 Alkyl Benzoate , Isononyl Isononanoate , Diethylhexyl Succinate , Neopentyl Glycol Diheptanoate , Methyl Trimethicone , Butylene Glycol , Ethylhexyl Methoxycrylene , Lauryl Peg-9 Polydimethylsiloxyethyl Dimethicone , Silica , Laureth-4 , Cetyl Peg/Ppg-10/1 Dimethicone , Dipentaerythrityl Tri-Polyhydroxystearate , Hydrolyzed Wheat Protein/Pvp Crosspolymer , Caprylyl Glycol , Dimethicone Silylate , Dimethicone/Peg-10/15 Crosspolymer , Isostearic Acid , Dimethicone Crosspolymer-3 , Polyhydroxystearic Acid , Triethoxycaprylylsilane , Dipropylene Glycol , Phenoxyethanol , Iron Oxides (Ci 77491) , Iron Oxides (Ci 77492)",1,1,1,1,1,-116.3725,-28.358507
45,Sun protect,TARTE,Tarteguard 30 Vegan Sunscreen Lotion Broad Spectrum SPF 30,32,3.7,"Water, Butyloctyl Salicylate, Coco-Caprylate/Caprate, C12-15 Alkyl Benzoate, Caprylic/Capric Triglyceride, Diheptyl Succinate, Polyglyceryl-6 Distearate, Propanediol, Jojoba Esters, Glycerin, Pyrus Malus (Apple) Fruit Extract, Polysorbate 20, Polyhydroxystearic Acid, Polymethylsilsesquioxane, Potassium Cetyl Phosphate, Phenoxyethanol, Alumina, Diethylhexyl Syringylidenemalonate, Xanthan Gum, Tocopherols, Glycine Soja (Soybean) Oil, Capryloyl Glycerin/Sebacic Acid Copolymer, Citric Acid, Triethoxycaprylylsilane, Lonicera Caprifolium (Honeysuckle) Flower Extract, Trisodium Ethylenediamine Disuccinate, Chlorphenesin, Fragrance/Parfum, Stearic Acid, Ethylhexylglycerin, Passiflora Edulis Seed Oil, Lonicera Japonica (Honeysuckle) Flower Extract, Algae Extract, Pseudoalteromonas Exopolysaccharides, Sodium Hyaluronate, Sodium Salicylate, Propylene Glycol, Sodium Dehydroacetate.",1,1,1,1,1,32.82662,-69.64188
46,Sun protect,COOLA,Makeup Setting Spray SPF 30,36,3.4,"Alcohol*, Aloe Barbadensis Leaf Extract*, Algae Extract*, Citrus Aurantium Dulcis (Orange) Fruit Water*, Cucumis Sativus (Cucumber) Fruit Extract*, Dicaprylyl Carbonate, Diisopropyl Adipate, Ethyl Ferulate, Flavor, Glycerin*, Helianthus Annuus (Sunflower) Seed Oil, Isodecyl Neopentanoate, Juniperus Communis Callus Extract, Paeonia Lactiflora Leaf Cell Extract, Phoenix Dactilyfera (Date) Leaf Cell Extract, PVP, Silica Silylate, Sodium Hyaluronate, Water. *Certified Organic.",1,0,1,1,0,38.881912,-17.07648
47,Sun protect,SUPERGOOP!,Super Power Sunscreen Mousse Broad Spectrum SPF 50,34,4.3,"Aluminum Starch Octenylsuccinate, Ananas Sativus (Pineapple) Fruit Extract, Bis-Hydroxyethoxypropyl Dimethicone, Butter Extract, Butyloctyl Salicylate, Butyrospermum Parkii (Shea) Butter, C12-15 Alkyl Benzoate, Cananga Odorata Flower Extract, Caprylic/Capric Triglyceride, Caprylyl Glycol, Cetearyl Alcohol, Chlorphenesin, Citrus Aurantium Dulcis (Orange) Peel Extract, Citrus Grandis (Grapefruit) Fruit Extract, Citrus Limon (Lemon) Peel Extract, Cocos Nucifera (Coconut) Fruit Extract, Cocos Nucifera (Coconut) Oil, Coffea Arabica (Coffee) Seed Extract, Crambe Maritima Leaf Extract, Cucumis Melo Cantalupensis Fruit Extract, Cucumis Sativus (Cucumber) Fruit Extract, Diethylhexyl Syringylidenemalonate, Disodium EDTA, Glycerin, Glyceryl Caprylate, Glyceryl Stearate, Glyceryl Undecylenate, Hydrofluorocarbon 152A, Olea Europaea (Olive) Fruit Oil, Panthenol, Passiflora Incarnata Fruit Extract, Persea Gratissima (Avocado) Oil, Polyester-5, Potassium Cetyl Phosphate, Prunus Amygdalus Dulcis (Sweet Almond) Oil, Prunus Amygdalus Dulcis (Sweet Almond) Seed Extract, Prunus Armeniaca (Apricot) Fruit Extract, Pyrus Malus (Apple) Fruit Extract, Rose Extract, Rubus Idaeus (Raspberry) Fruit Extract, Santalum Album (Sandalwood) Extract, Simmondsia Chinesis (Jojoba) Seed Oil, Tocopherol, Trehalose, Vanilla Planifolia Fruit Extract, Water.",1,1,1,1,0,102.71423,64.43898
48,Sun protect,CLINIQUE,Broad Spectrum SPF 50 Mineral Sunscreen Fluid for Face,28,3.8,"Titanium Dioxide 6.3% , Zinc Oxide 4.0%Water , Dimethicone , Butyloctyl Salicylate , Polydiethylsiloxane , C12-15 Alkyl Benzoate , Isononyl Isononanoate , Diethylhexyl Succinate , Neopentyl Glycol Diheptanoate , Methyl Trimethicone , Butylene Glycol , Ethylhexyl Methoxycrylene , Lauryl Peg-9 Polydimethylsiloxyethyl Dimethicone , Silica , Dipentaerythrityl Tri-Polyhydroxystearate , Laureth-4 , Cetyl Peg/Ppg-10/1 Dimethicone , Dimethicone/Peg-10/15 Crosspolymer , Dimethicone Silylate , Hydrolyzed Wheat Protein/Pvp Crosspolymer , Triethoxycaprylylsilane , Dimethicone Crosspolymer-3 , Isostearic Acid , Caprylyl Glycol , Polyhydroxystearic Acid , Dipropylene Glycol , Phenoxyethanol , Iron Oxides (Ci 77492) , Iron Oxides (Ci 77491)",1,1,1,1,1,-114.03897,-41.368183
49,Sun protect,BELIF,Moisturizing Bomb Cushion Compact Broad Spectrum SPF 50,42,3.7,*Fragrances of natural origin.,1,1,1,1,0,15.912817,26.875391
50,Sun protect,SUPERGOOP!,Invincible Setting Powder SPF 45 Refill,20,5,"Calcium Aluminum Borosilicate, Silica, Polymethyl Methacrylate, Ethylhexylglycerin, Triethoxycaprylysilane, Nylon-6/12, Sodium Dehydroacetate, Olive Glycerides, Ascorbyl Palmitate, Ceramide 3. May Contain (+/-): Iron Oxides (Ci 77492, 77491, 77499), Titanium Dioxide (Ci 77891).",1,1,1,1,1,14.201107,-27.281025
51,Sun protect,MOROCCANOIL,Face Lotion SPF 30,38,0,"Water, Butyloctyl Salicylate, Dimethicone, Butylene Glycol, Aluminum Starch Octenylsuccinate, Methyl Methacrylate Crosspolymer, Styrene/Acrylates Copolymer, PEG-8 Stearate, Glyceryl Stearate, Argania Spinosa (Argan) Kernel Oil, Spirulina Maxima (Algae) Extract, Hydrolyzed Vegetable Protein, Aristotelia Chilensis (Maqui) Fruit Extract, Aronia Arbutifolia (Chokeberry) Fruit Extract, Euterpe Oleracea (Acai) Fruit Extract, Garcinia Mangostana (Mangosteen) Fruit Extract, Lycium Barbarum Fruit (Goji) Extract, Morinda Citrifolia (Noni) Fruit Extract, Punica Granatum (Pomegranate) Fruit Extract, Vaccinium Myrtillus (Bilberry) Fruit Extract, Fragrance, Vp/Eicosene Copolymer, PEG-100 Stearate, Cetearyl Alcohol, Caprylyl Glycol, Sorbitan Oleate, PEG-8 Laurate, Hexylene Glycol, Tetrasodium Glutamate Diacetate, Xanthan Gum, Glycerin, Trehalose, Chlorphenesin, Citric Acid, Benzoic Acid, Sorbic Acid, Phenoxyethanol, Hydroxycitronellal, Butylphenyl Methylpropional, Linalool, Hexyl Cinnamal, Alpha-Isomethyl Ionone.",1,1,1,1,1,87.69458,-71.29002
52,Sun protect,CLINIQUE,Broad Spectrum SPF 30 Mineral Sunscreen Fluid for Face,28,4.4,"Titanium Dioxide 3.2% , Zinc Oxide 2.0%Water , Dimethicone , Butyloctyl Salicylate , Methyl Trimethicone , Isononyl Isononanoate , Neopentyl Glycol Diheptanoate , Diethylhexyl Succinate , C12-15 Alkyl Benzoate , Butylene Glycol , Dipentaerythrityl Tri-Polyhydroxystearate , Lauryl Peg-9 Polydimethylsiloxyethyl Dimethicone , Trimethylsiloxysilicate , Hydroxyapatite , Cetyl Peg/Ppg-10/1 Dimethicone , Hydrolyzed Wheat Protein/Pvp Crosspolymer , Caprylyl Glycol , Dimethicone Silylate , Triethoxycaprylylsilane , Dimethicone Crosspolymer-3 , Dipropylene Glycol , Dimethicone/Peg-10/15 Crosspolymer , Isostearic Acid , Silica , Polyhydroxystearic Acid , Sodium Citrate , Phenoxyethanol , Iron Oxides (Ci 77492) , Iron Oxides (Ci 77491)",1,1,1,1,1,-100.2059,-35.023354
53,Sun protect,COOLA,Classic Sport SPF 50 - Fresh Mango,32,4.6,"Agave Americana Leaf Extract (Organic), Alcohol (Organic), Arnica Montana Flower Extract (Organic), Beeswax (Organic), Citric Acid, Citrus Aurantium Dulcis (Organic Orange) Fruit Water, Dicaprylyl Carbonate, Fragrance, Glycerin (Organic), Hydrogenated Methyl Abietate, Hydroxyethyl Acrylate/Sodium Acryloyldimethyl Taurate Copolymer, Linum Usitatissimum (Organic Linseed) Seed Oil,Persea Gratissima (Organic Avocado) Oil, Plankton Extract, Sodium Stearoyl Glutamate, Sorbitol/Sebacic Acid Copolymer Behenate, Tocopherol, Trisodium Ethylenediamine Disuccinate, Xanthan Gum.",1,1,1,1,1,-18.8718,44.057476
54,Sun protect,DR. DENNIS GROSS SKINCARE,Instant Radiance Sun Defense Sunscreen Broad Spectrum SPF 40,42,3.9,"Water, Glycerin, Butylene Glycol, Isononyl Isononanoate, Pentylene Glycol, Carthamus Tinctorius (Safflower) Seed Oil, Olea Europaea (Olive) Fruit Oil, C12-15 Alkyl Benzoate, Coconut Alkanes, Hydroxyethyl Acrylate/Sodium Acryloyldimethyl Taurate Copolymer, Ascorbyl Glucoside, Melatonin, Tetrahexyldecyl Ascorbate, Tocopherol, Tocopheryl Acetate, Nordihydroguaiaretic Acid, Sodium Hyaluronate, Palmitoyl Tripeptide-38, Echium Plantagineum Seed Oil, Oenothera Biennis (Evening Primrose) Oil, Boerhavia Diffusa Root Extract, Phospholipids, Sphingolipids, Saccharide Isomerate, Citrus Aurantium Dulcis (Orange) Flower Extract, Glycolic Acid, Sodium PCA, Oleanolic Acid, PEG-60 Almond Glycerides, Hydrogenated Lecithin, Acrylates/Carbamate Copolymer, Bis-Ethylhexyl Hydroxydimethoxy Benzylmalonate, Coco-Caprylate/Caprate, Aluminum Hydroxide, Xanthan Gum, Citric Acid, Disodium EDTA, Hydroxypropyl Cyclodextrin, Sodium Citrate, Caprylyl Glycol, Isohexadecane, Polyhydroxystearic Acid, Sodium Hydroxide, Tromethamine, BHT, Polysorbate 60, Carbomer, Isopropyl Titanium Triisostearate, Sorbitan Isostearate, Stearic Acid, Benzyl Alcohol, Phenoxyethanol, Potassium Sorbate, Sodium Benzoate, Citrus Aurantium Dulcis (Orange) Oil, [+/- (May Contain): Titanium Dioxide (CI 77891), Mica (CI 77019), Iron Oxides (CI 77491, CI 77492, CI 77499)].",1,1,1,1,1,-76.669266,96.85168
55,Sun protect,KIEHL'S SINCE 1851,Super Fluid UV Mineral Defense Titanium Dioxide Sunscreen Broad Spectrum SPF 50+,38,3.7,"Water, Isododecane, Dimethicone, C12-15 Alkyl Benzoate, Undecane, Styrene/Acrylates Copolymer, Caprylyl Methicone, Nylon-12, Butyloctyl Salicylate, Phenethyl Benzoate, Dicaprylyl Carbonate, Silica, Triethylhexanoin, Isohexadecane, Tridecane, Dicaprylyl Ether, Talc, Dimethicone/Peg-10/15 Crosspolymer, Aluminum Hydroxide, Stearic Acid, Pentylene Glycol, Peg-9 Polydimethylsiloxyethyl Dimethicone, Iron Oxides, Aluminum Stearate, Peg-8 Laurate, Phenoxyethanol, Magnesium Sulfate, Caprylyl Glycol, Alumina, Polyhydroxystearic Acid, Disteardimonium Hectorite, Tocopherol, Propylene Carbonate, Benzoic Acid, Disodium Stearoyl Glutamate, Peg-9.",0,0,0,1,1,-66.54059,-34.76701
56,Sun protect,SKIN LAUNDRY,Daily Moisturizer Broad Spectrum SPF 35,25,4.1,"Acrylates/C10-30 Alkyl Acrylate Crosspolymer, Anacyclus Pyrethrum Root Extract, Water, Arnica Montana Flower Extract, Butyloctyl Salicylate, C12-15 Alkyl Benzoate, Caprylyl Glycol, Carbomer, Cucumis Sativus (Cucumber) Fruit Extract, Cyclohexasiloxane, Cyclopentasiloxane, Disodium EDTA, Ethylhexylglycerin, Glycerin, Hexylene Glycol,Methyl Methacrylate/ Glycol Dimethacrylate Crosspolymer, Phenoxyethanol,Polysorbate 20, Sodium Hyaluronate, Sorbitan Oleate, Tocopheryl Acetate, Triethanolamine.",1,1,1,1,1,-31.064117,29.009499
57,Sun protect,KATE SOMERVILLE,UncompliKated SPF 50 Soft Focus Makeup Setting Spray,38,3.2,"Alcohol Denat., Isobutane, Propane, Isododecane, Ethylhexyl Methoxycrylene, PVP, Methyl Dihydroabietate, Hydrolyzed Hyaluronic Acid, Rhodiola Rosea Root Extract, Water, Lavandula Angustifolia (Lavender) Oil, Silica Silylate, Pentylene Glycol.",1,1,1,1,0,-23.733353,-15.718912
59,Sun protect,ANTHONY,Day Cream Broad Spectrum Sunscreen SPF 30,34,4,"Water, Caprylic/Capric Triglyceride, Corn Starch Modified, Cetearyl Olivate, Diethylhexyl 2,6-Naphthalate, C12-15 Alkyl Benzoate, Sorbitan Olivate, Gluconolactone, Squalene, Glycerin, Cyclopentasiloxane, Tocopheryl Acetate (D-Alpha), Glycine Sojo (Soybean) Oil, Sodium Hyaluronate (L), Xanthan Gum, Carbomer, Aminomethyl Porpanol, Sodium Benzoate, Phenethyl Alcohol, Caprylyl Glycol, Phenoxyethanol, Trisodium Ethylenediamine Disuccinate, Potassium Sorbate.",1,1,1,1,1,66.49674,16.69304
60,Sun protect,MDSOLARSCIENCES,Daily Anti-Aging Moisturizer SPF 30,75,4.1,"Water, Butyloctyl Salicylate, Coco-Caprylate/Caprate, Glycerin, Sorbitol, Lecithin, Aloe Barbadensis Leaf Extract, Caffeine, Zea Mays (Corn) Oil, Proline, Xanthan Gum, Sodium Ascorbyl Phosphate, Rosa Moschata Seed Oil, Niacinamide, Vitis Vinifera (Grape) Callus Culture Extract, Chamomilla Recutita (Matricaria) Flower Extract, Camellia Sinensis (Green Tea) Extract, Diatomaceous Earth, Helianthus Annuus (Sunflower) Seed Oil, Rosmarinus Officinalis (Rosemary) Leaf Extract, Laminaria Digitata Extract, Tremella Fuciformis (Mushroom) Extract, Ferric Hexapeptide-35, Sesamum Indicum (Sesame) Seed Oil, Macadamia Integrifolia Seed Oil, Olea Europaea (Olive) Fruit Oil, Polysilicone-15, Sodium Hyaluronate, Dimethicone, Ceteareth-25, Cetyl Alcohol, Behenic Acid, Cholesterol, Ceramide NP, Ceramide NS, Ceramide EOS, Ceramide EOP, Ceramide AP, Caprooyl Phytosphingosine, Caprooyl Sphingosine, Caprylic/ Capric Triglyceride Teprenone, Sodium Stearoyl Glutamate, Polyester-8, Caprylhydroxamic Acid, Caprylyl Glycol, Carbomer, Acrylates/C10-30 Alkyl Acrylate Crosspolymer, Allantoin, Panthenol, Sodium Polyacrylate, Mica, Melaleuca Alternifolia (Tea Tree) Leaf Oil, Lavandula Angustifolia (Lavender) Oil, Sodium Hydroxide.",1,0,1,1,1,53.797546,105.12508
61,Sun protect,KORRES,After Sun Greek Yoghurt Cooling Gel for Face and Body,26,4.6,"Water, Glycerin, Glyceryl Polyacrylate, Yogurt, Hydrogenated Polyisobutene,Butylene Glycol, Mannan, Ceratonia Siliqua Gum, Dicaprylyl Carbonate,Pentylene Glycol, Panthenol, Sodium Acrylates Copolymer, Epilobium Angustifolium extract, Foeniculum Vulgare (Fennel) Extract, Laureth-9, Menthyl Lactate, Glycine Soja (Soybean) Oil, Prunus Amygdalus Dulcis (Sweet Almond) Oil, Calendula Officinalis Flower Extract, Helianthus Annuus (Sunflower) Seed Oil, Hydrogenated Jojoba Esters, Parfum, Amyl Cinnamal, Benzyl Alcohol, Benzyl Salicylate, Citronellol, Coumarin, Hexyl Cinnamal, Hydroxycitronellol, Hydroxyisohexyl 3-Cyclohexene Carboxaldehyde, Isoeugenol, Linalool, Phenoxyethanol, Phospholipids, Polyglyceryl-10 Stearate, Potassium Sorbate, Tocopherol.",1,1,1,1,1,115.99024,28.572344
62,Sun protect,COOLA,Sport Continuous Spray SPF 50 - Guava Mango,36,4.1,"Alcohol*, Algae Extract*, Aloe Barbadensis Leaf Extract*, Butyloctyl Salicylate, Cucumis Sativus (Cucumber) Fruit Extract*, Flavor, Fragaria Vesca (Strawberry) Fruit Extract*, Glycerin*, VA/Butyl Maleate/Isobornyl Acrylate Copolymer, Water. *Certified Organic.",1,1,1,1,1,-19.158873,11.067962
63,Sun protect,COOLA,ER+ Radical Recovery After-Sun Lotion,32,4.8,"Water, Helianthus Annuus (Sunflower) Seed Oil*, Aloe Barbadensis (Aloe Vera) Leaf Juice*, Cetearyl Alcohol, Glycerin, Caprylic/Capric Triglyceride, Cetearyl Glucoside, Saccharomyces/Agave Americana Leaf Ferment Filtrate*, Cetyl Palmitate, Lavandula Angustifolia (Lavender) Flower Oil*, Citrus Sinensis (Sweet Orange) Peel Oil, Citrus Reticulata (Mandarin Red) Peel Oil, Rosmarinus Officinalis (Rosemary) Leaf Oil, Cedrus Atlantica (Cedar) Wood Oil, Xanthan Gum, Rosmarinus Officinalis (Rosemary) Leaf Extract*, Dehydroacetic Acid, Benzyl Alcohol. *Certified Organic.",1,1,1,1,1,45.30036,15.09229
64,Sun protect,EVE LOM,Daily Protection Broad Spectrum SPF 50 Sunscreen,90,4.4,Visit the Eve Lom boutique,1,1,1,1,1,23.0932,14.618369
65,Sun protect,DR. BRANDT SKINCARE,pores no more® multi-performance stick,35,3.6,"Aluminum Hydroxide, Butyloctyl Salicylate, C12-15 Alkyl Benzoate, Caprylyl Methicone, Copernicia Cerifera (Carnauba) Wax, Dimethicone, Ethylhexylglycerin, Hydrogenated Polydecene, Iron Oxides, Isononyl Isononanoate, Isopropyl Myristate, Isopropyl Titanium Triisostearate, Isostearic Acid, Kaolin, Methyl Methacrylate Crosspolymer, Microcrystalline Wax, Phenoxyethanol, Polyethylene, Polyhydroxystearic Acid, Polymethyl Methacrylate, Propylene Carbonate, Stearalkonium Hectorite, Tocopherol.",1,1,1,1,0,35.59461,-37.327045
66,Sun protect,COOLA,Sport Continuous Spray SPF 30 - Tropical Coconut,36,4.8,"Alcohol, Algae Extract, Aloe Barbedensis Leaf Juice, Cucumis Sativus (Cucumber) Fruit Extract, Fragaria Vesca (Strawberry) Fruit Extract, Glycerin*, Methyl Dihydroabietate, Rubus Idaeus (Raspberry) Seed Oil*, Red Raspberry Seed Oil. *Certified Organic.",1,1,1,1,1,21.497416,-11.078303
67,Sun protect,MDSOLARSCIENCES,MD Crème Mineral Beauty Balm Broad Spectrum SPF 50 UVA-UVB Sunscreen,39,4.2,"Dimethicone, Dimethicone Crosspolymer, Caprylic/Capric Triglyceride, Glyceryl Isostearate, Polyhydroxystearic Acid, Dimethicone/ Vinyl Dimethicone Crosspolymer, Silica, Butyloctyl Salicylate, Po lysilicone - 15, Tetrahexyldecyl Ascorbate, PEG/PPG - 18/18 Dimethicone, Triethoxycaprylylsilane, Iron Oxide, Caffeine, Niacinamide, Ubiquinone, Tocopheryl Acetate, Squalane, Camellia Sinensis (Green Tea) Extract, Vaccinium Macrocarpon (Cranberry) Fruit Extrac t, Punica Granatum (Pomegranate) Extract.",1,1,1,1,1,-55.250843,-10.569742
68,Sun protect,SUPERGOOP!,100% Mineral Sunscreen Mist with Marigold Extract Broad Spectrum SPF 30,34,3.8,"Aloe Barbadensis Leaf Juice, Bentonite, Butyloctyl Salicylate, Calendula Officinalis Flower Extract, Caprylhydroxamic Acid, Caprylyl Glycol, Carthamus Tinctorius (Safflower) Seed Oil, Cetearyl Alcohol, Chamomilla Recutita (Matricaria) Flower Extract, Coco Glucoside, Glycerin, Helianthus Annuus (Sunflower) Seed Oil, Heptyl Undecylenate, Jojoba Esters, Melissa Officinalis Leaf Extract, Methyl Dihydroabietate, Nasturtium Officinale Flower/Leaf Extract, Spiraea Ulmaria Flower Extract, Water.",1,1,1,1,1,52.75624,35.08894
69,Sun protect,CLINIQUE,Oil-Free Face Cream Broad Spectrum SPF 30,26,3.3,"Octinoxate 7.5% , Octisalate 4.5% , Titanium Dioxide 4.6% , Zinc Oxide 5.0%Water , C12-15 Alkyl Benzoate , Caprylyl Methicone , Neopentyl Glycol Diheptanoate , Sucrose , Polyglyceryl-10 Pentastearate , Pentylene Glycol , Ethylhexyl Methoxycrylene , Dimethicone , Behenyl Alcohol , Peg-100 Stearate , Hydrogenated Lecithin , Butylene Glycol , Dipentaerythrityl Tri-Polyhydroxystearate , Cucumis Sativus (Cucumber) Fruit Extract , Hordeum Vulgare (Barley) Extract/Extrait D''Orge , Sigesbeckia Orientalis (St. Paul''S Wort) Extract , Glycerin , Caffeine , Sodium Rna , Sodium Hyaluronate , Tocopheryl Acetate , Propylene Glycol Dicaprate , Isohexadecane , Helianthus Annuus (Sunflower) Seedcake , Pvp/Hexadecene Copolymer , Isostearic Acid , Sodium Stearoyl Lactylate , Polyhydroxystearic Acid , Silica , Acrylamide/Sodium Acryloyldimethyltaurate Copolymer , Xanthan Gum , Polysorbate 80 , Dimethicone Silylate , Polyethylene , Trisodium Edta , Bht , Phenoxyethanol",1,1,1,1,1,76.895836,84.666794
70,Sun protect,PHILOSOPHY,Ultimate Miracle Worker Multi-Rejuvenating Lightweight Emulsion SPF 30,75,3.7,"Water, Butylene Glycol, C12-15 Alkyl Benzoate, Cyclopentasiloxane, Gluconolactone, Cetyl Alcohol, Hydrogenated Lecithin, Pentylene Glycol, Aluminum Starch Octenylsuccinate, Cyclohexasiloxane, Polyacrylamide, Bifida Ferment Lysate, Phenoxyethanol, Polysorbate 80, Bisabolol, C13-14 Isoparaffin, Sodium Benzoate, Glycerin, Sodium Hydroxide, Glycine Soja (Soybean) Oil, Choleth-24, Vinyl Dimethicone/Methicone Silsesquioxane Crosspolymer, Ceteth-24, Acrylates/C10-30 Alkyl Acrylate Crosspolymer, Silica, Laureth-7, Iris Pallida Root Extract, Ruby Powder, Fragrance, Disodium Edta, Alcohol, Mica, Lecithin, Adenosine, Retinol, Peg-8, Polysorbate 20, Bht, Cellulose Gum, Chitosan, Ethylhexylglycerin, Glycolic Acid, Sorbitan Oleate, Calcium Gluconate, Tocopherol, Behentrimonium Chloride, Ascorbyl Palmitate, Potassium Phosphate, Camellia Sinensis Leaf Extract, Coffea Arabica (Coffee) Seed Extract, Pongamia Pinnata Seed Extract, Isopropyl Alcohol, Acetic Acid, Angelica Archangelica Root Extract, Citrus Aurantium Amara (Bitter Orange) Peel Extract, Maltodextrin, Citric Acid, Magnesium Aluminum Silicate, Xanthan Gum, Lactic Acid, Ascorbic Acid, Farnesol, Caprylyl Glycol, Sclerotium Gum, Bha, Sorbic Acid, Titanium Dioxide (Ci 77891).",1,1,1,1,1,-72.84488,-70.83074
71,Sun protect,AMOREPACIFIC,Resort Collection Sun Protection Mist Broad Spectrum SPF 30 Sunscreen,32,3.3,"Polyethylene, Isopropyl Palmitate, Polymethylsilsesquioxane, Homosalate, Octocrylene, Phenyl Trimethicone, Squalane, Butyloctyl Salicylate, Helianthus Annuus (Sunflower) Seed Wax, Ethylhexyl Salicylate, Ricinus Communis (Castor) Seed Oil, Butyl Methoxydibenzoylmethane, Phyllostachis Bambusoides Juice, Portulaca Oleracea Extract, Prunus Mume Fruit Extract, Camellia Sinensis Seed Oil, Glyceryl Caprylate, Butylene Glycol, Alcohol, Fragrance.",1,1,1,1,1,37.781456,50.390007
72,Sun protect,COOLA,Sport Continuous Spray SPF 30 - Piña Colada,36,4.5,"Alcohol (Organic), Algae Extract (Organic), Aloe Barbadensis Leaf Juice (Organic), Cucumis Sativus (Organic Cucumber) Fruit Extract, Flavor, Fragaria Vesca (Organic Strawberry) Fruit Extract, Glycerin, Hydrogenated Methyl Abietate, Rubus Idaeus (Organic Red Raspberry) Seed Oil.",1,1,1,1,1,4.3729095,-11.39225
73,Sun protect,MOROCCANOIL,Sun Lotion 50 SPF,32,3.9,"Water, Cyclopentasiloxane, Glycerin, Polyester-7, Neopentyl Glycol Diheptanoate, Lauryl Glucoside, Polyglyceryl-2 Dipolyhydroxystearate, Fragrance, Argania Spinosa (Argan) Kernel Oil, Cocos Nucifera (Coconut) Oil, Tocopheryl Acetate, Trilinolein, Triolein, Tripalmitin, Trilinolenin, Gardenia Tahitensis Flower Extract, Tristearin, Triarachidin, Tocopherol, C50-45 Alkyl Cetearyl Dimethicone Crosspolymer, Ammonium Acryloyldimethyltaurate/VP Copolymer, Polybutene, Xanthan Gum, Bht, Citric Acid, Potassium Sorbate, Methylisothiazolinone.",1,1,1,1,0,-103.87183,23.483747
74,Sun protect,MOROCCANOIL,Sun Lotion 30 SPF,32,4.4,"Homosalate (12%), Oxybenzone (6%), Octisalate (5%), Avobenzone(3%), Octocrylene (2.5%), Water, Cyclopentasiloxane, Glycerin, Polyester-7, Neopentyl Glycol Diheptanoate, Lauryl Glucoside, Polyglyceryl-2 Dipolyhydroxystearate, Fragrance, Argania Spinosa (Argan) Kernel Oil, Cocos Nucifera (Coconut) Oil, Tocopheryl Acetate, Trilinolein, Triolein, Tripalmitin, Trilinolenin, Gardenia Tahitensis Flower Extract, Tristearin, Triarachidin, Tocopherol, C50-45 Alkyl Cetearyl Dimethicone Crosspolymer, Ammonium Acryloyldimethyltaurate/VP Copolymer, Polybutene, Xanthan Gum, Bht, Citric Acid, Potassium Sorbate, Methylisothiazolinone.",1,1,1,1,0,-115.36221,24.472881
75,Sun protect,SHISEIDO,Future Solution LX Total Protective Emulsion Broad Spectrum SPF 20 Sunscreen,260,3,"Dipropylene Glycol, Sd Alcohol 40-B, Glycerin, Hydrogenated Polydecene, Xylitol, Isododecane, Dimethicone, Peg-5 Glyceryl Stearate, Isostearic Acid, Silica, Phenyl Trimethicone, Triethanolamine, Xanthan Gum, Tocopheryl Acetate, Peg/Ppg-17/4 Dimethyl Ether, Piperidinepropionic Acid, Phytosteryl Macadamiate, 2-O-Ethyl Ascorbic Acid, Prunus Speciosa Leaf Extract, Angelica Acutiloba Root Extract, Isodonis Japonicus Leaf/Stalk Extract, Camellia Sinensis Leaf Extract, Zanthoxylum Piperitum Peel Extract, Ppg-17, Glyceryl Stearate Se, Behenyl Alcohol, Behenic Acid, Stearic Acid, Batyl Alcohol, Peg-30 Phytosterol, Butylene Glycol, Carbomer, Disodium Edta, Alcohol, Bht, Cellulose Gum, Sodium Metaphosphate, Talc, Dextrin Palmitate, Tocopherol, Ethylparaben, Methylparaben, Fragrance, Iron Oxides.",1,1,1,1,1,127.0385,-34.727947
76,Sun protect,COOLA,Mineral Sport Sunscreen Stick SPF 50,26,3.1,*Certified Organic,1,1,1,1,1,1.8851755,3.3736649
77,Sun protect,CANE + AUSTIN,Prime & Protect Mattifying Primer with Broad Spectrum SPF 50,56,4.2,"Ascorbic Acid, Biotin, Camellia Sinensis (Green Tea) Polyphenols, Centella Asiatica Extract, Ceramide 2, Cetyl PEG/PPG 10/1 Dimethicone, Cyclomethicone, Dimethicone Crosspolymer, Emblica Officinalis Fruit Extract, Glyceryl Isostearate, Iron Oxides, Lauryl PEG/PPG-18/18 Methicone, Leuconostoc/Radish Root Ferment Filtrate, Methyl Trimethicone, Neopentyl Glycol Diheptanoate, PEG-8 Methyl Triethoxysilane, Phospholipids, Polyhydroxystearic Acid, Purified Water, Resveratrol, Silica, Silica Dimethyl Silylate, Titanium Dioxide, Tocopheryl Acetate, Ubiquinone (Coenzyme Q-10).",1,1,1,1,1,43.730125,72.21916
78,Sun protect,MDSOLARSCIENCES,Quick Dry Body Spray With SolSci-X™ Broad Spectrum SPF 40 UVA-UVB Sunscreen,20,3.9,"SD Alcohol 40, Butyloctyl Salicylate, Polyester-8, Caprylyl Methicone, Diisopropyl Adipate, Acrylates/Octylacrylamide Copolymer, EDTA, Phytic Acid, Phyllanthus Emblica Fruit Extract, Tetrahexlydecyl Ascorbate, Trisodium Ethylenediamine Disuccinate.",1,1,1,1,1,33.17275,1.9116492
79,Sun protect,COOLA,Sport Continuous Spray SPF 30 - Unscented,32,5,"Alcohol (Organic), Algae Extract (Organic), Aloe Barbadensis Leaf Juice, Cucumis Sativus (Organic Cucumber) Fruit Extract, Dicaprylyl Carbonate, Fragaria Vesca (Organic Strawberry) Fruit Extract, Glycerin (Organic), Heptyl Undecylenate, Hydrogenated Methyl Abietate, Linum Usitatissimum (Organic Linseed) Seed Oil, Rubus Idaeus (Organic Red Raspberry) Seed Oil.",1,1,1,1,1,-6.4717474,-20.483355
80,Sun protect,MOROCCANOIL,After-Sun Milk Soothing Body Lotion,28,4.7,"Water, Caprylic/Caprlc Triglyceride, Glycerin, Cyclopentasiloxane, Cetearyl Alcohol, Dicaprylyl Carbonate, Sorbitol, Peg-8, Cocos Nucifera (Coconut) Oil, Argania Spinosa (Argan) Kernel Oil, Tocopherol, Tocopheryl Acetate, Aloe Barbadensis Leaf Juice Powder, Passiflora Incarnata Seed Oil, Gardenia Tahitensis Flower Extract, Microcrystalline Cellulose, Tyrosine, Ornithine Hcl, Arginine Hcl, Cellulose Gum, Fragrance, Menthyl Lactate, Inulin Lauryl Carbamate, Caprylyl Glycol, Sodium Polyacrylate, Sodium Bicarbonate, Ethylhexylglycerin, C30-45 Alkyl Cetearyl Dimethicone Crosspolymer, Silica, Triethanolamine, Phenoxyethanol.",1,1,1,1,0,-81.89963,0.29936606
81,Sun protect,SUPERGOOP!,Perfect Day 2-in-1 Everywear Lotion Broad Spectrum SPF 50 + Mint Condition Lip Shield SPF 30,19,4.8,"-Homosalate 10%, Octinoxate 7.5%, Octisalate 5%, and Avobenzone 3% Deliver broad-spectrum sun protection.",1,1,1,1,0,-11.990211,27.303242
82,Sun protect,IT COSMETICS,Anti-Aging Armour™ Super Smart Skin-Perfecting Beauty Fluid SPF 50+,38,4.1,"Water, Cyclopentasiloxane, Butyloctyl Salicylate, C12-15 Alkyl Benzoate, Butylene Glycol Dicaprylate/Dicaprate, Silica, Glycerin, Cyclohexasiloxane, Caprylic/Capric Triglyceride, Hydrogenated Polydecene, Polymethyl Methacrylate, Caprylyl Methicone, Peg-9 Polydimethylsiloxyethyl Dimethicone, Aluminum Hydroxide, Cetyl Peg/Ppg-10/1 Dimethicone, Stearic Acid, Polyglyceryl-4 Isostearate, Hexyl Laurate, Triethoxycaprylylsilane, Magnesium Sulfate, Caprylyl Glycol, Phenoxyethanol, Ethylhexylglycerin, Quaternium-18 Bentonite, Sorbitan Sesquioleate, Pueraria Lobata Root Extract, 1,2-Hexanediol, Disodium Edta, Butylene Glycol, Citrus Grandis (Grapefruit) Peel Oil, Vitis Vinifera (Grape) Seed Oil, Persea Gratissima (Avocado) Oil, Punica Granatum Seed Oil, Cholesterol, Niacinamide, Hydrolyzed Hyaluronic Acid, Colloidal Oatmeal, Anthemis Nobilis Flower Water, Lactobacillus/Honeysuckle Flower/Licorice Root/Morus Alba Root/Pueraria Lobata Root/Schizandra Chinensis Fruit/Scutellaria Baicalensis Root/Sophora Japonica Flower Extract Ferment Filtrate, Perfluorohexane, Olea Europaea (Olive) Leaf Extract, Aloe Barbadensis Leaf Extract, Camellia Sinensis Leaf Extract, Chrysanthemum Indicum Flower Extract, Magnolia Kobus Bark Extract, Glycine Soja (Soybean) Sprout Extract, Cinnamomum Cassia Bark Extract, Artemisia Princeps Leaf Extract, Diospyros Kaki Leaf Extract, Morus Alba Fruit Extract, Perfluorodecalin, Pentafluoropropane, Curcuma Longa (Turmeric) Root Extract, Steareth-20, Hydrolyzed Silk, Citric Acid, Potassium Sorbate, Sodium Benzoate, N-Hydroxysuccinimide, Hydrolyzed Collagen, Caprylhydroxamic Acid, Carnitine Hcl, Folic Acid, Niacin, Ascorbic Acid, Biotin, Thiamine Hcl, Retinyl Palmitate, Riboflavin, Pantothenic Acid, Tocopherol, Chrysin, Palmitoyl Oligopeptide, Palmitoyl Tetrapeptide-7, Chlorhexidine Digluconate. [+/-: Iron Oxides (Ci 77491, Ci 77492, Ci 77499)].",1,1,1,1,1,86.227905,-39.695965
83,Sun protect,KORRES,Yoghurt Nourishing Fluid Veil Face Sunscreen Broad Spectrum SPF 30,35,3.9,"Water, Alcohol Denat., Potassium Cetyl Phosphate, Glycerin, Caprylyl Glycol, Distarch Phosphate, Fragrance, Silica, Glyceryl Oleate Citrate, Phenoxyethanol, Tocopheryl Acetate, Triheptanoin, Panthenol, Caprylic/Capric Triglyceride, Physalis Angulata Extract, Polyacrylate Crosspolymer-6, Ozonized Oryza Sativa (Rice) Callus Culture Extract, Glyceryl Caprylate, Lecithin, Phenylpropanol, Simmondsia Chinensis (Jojoba) Seed Oil, Yogurt Powder, Tetrasodium Glutamate Diacetate, Ascorbyl Palmitate, Tocopherol, Helianthus Annuus (Sunflower) Seed Oil.",1,1,1,1,1,-59.575626,13.25002
84,Sun protect,DERMAFLASH,DERMAPROTECT Daily Defense Broad Spectrum SPF 50+,45,0,Visit the DERMAFLASH boutique,1,1,1,1,1,9.031443,14.972966
